Instance,N_Deliveries,Algorithm_1_Reward,Algorithm_2_Reward,Algorithm_3_Reward,ILP_Reward
"[[{'s1': (4.026550789146158, array([14.52182746, 24.74930968])), 's2': (7.661170895352504, array([13.60085162, 21.23330814])), 's3': (11.818275030869694, array([12.54748364, 17.21187423])), 's4': (20.270066727448516, array([16.52858058, 10.82454055])), 's5': (26.470921080023015, array([21.08183187,  6.615206  ])), 's6': (35.65893226819864, array([25.0263298 ,  7.90156727])), 's7': (44.18258166950475, array([25.97508226, 16.37225012])), 's8': (53.000976185833714, array([26.95664229, 25.13584651])), 's9': (66.77670887069257, array([17.6459589 , 28.18591067])), 's10': (75.92691571818888, array([12.47811452, 27.96067088]))}, {'p1': {0: 7, 1: 4, 2: (16.49541917051082, 11.566530623505326)}, 'p2': {0: 9, 1: 1, 2: (6.193457760010109, 22.215757145511013)}, 'p3': {0: 8, 1: 5, 2: (9.971065402952085, 24.321388350519886)}, 'p4': {0: 5, 1: 3, 2: (4.558388812845724, 28.245047010265576)}, 'p5': {0: 9, 1: 3, 2: (11.38619327719817, 11.927117291127322)}, 'p6': {0: 8, 1: 5, 2: (20.708701563440453, 25.230560167261814)}, 'p7': {0: 10, 1: 3, 2: (13.495642708814131, 23.82907188974252)}, 'p8': {0: 6, 1: 4, 2: (9.257419904019288, 1.120952272056599)}, 'p9': {0: 8, 1: 4, 2: (9.13447144579958, 26.116929721832246)}, 'p10': {0: 7, 1: 1, 2: (16.24174982718943, 21.782644732186913)}, 'p11': {0: 5, 1: 1, 2: (3.709464563454067, 26.7769623920814)}, 'p12': {0: 6, 1: 4, 2: (5.6890261822219905, 0.294230341540489)}, 'p13': {0: 6, 1: 5, 2: (10.116047286445731, 16.81590263232623)}, 'p14': {0: 9, 1: 4, 2: (6.205380483366236, 27.988507591198896)}, 'p15': {0: 10, 1: 5, 2: (16.75832536347141, 26.598312030735947)}}]]",15,45,52,34,61.0
