Instance,Algorithm_1_Output,Algorithm_2_Output,ILP_Output
"[[{'s1': (0.2344240626699667, array([13.0907236 , 75.09899173])), 's2': (32.9313897125521, array([45.15686188, 81.49073157])), 's3': (67.87775399040453, array([79.42900082, 88.32219329])), 's4': (101.8829307971761, array([68.1289493 , 92.00285109])), 's5': (155.04353083908703, array([76.00346782, 72.33180506])), 's6': (207.96165558603084, array([70.3162834 , 77.51805611])), 's7': (248.69480415524006, array([29.62056757, 75.77217357]))}, {'p1': {0: 1, 1: 3.8286287475162712, 2: (43.553750198752574, 89.97515978925395)}, 'p2': {0: 2, 1: 3.9301805436579826, 2: (21.76483546092146, 64.36756001670152)}, 'p3': {0: 1, 1: 3.8165591929409692, 2: (32.30488773049361, 90.1011355983353)}, 'p4': {0: 1, 1: 2.9009793579712024, 2: (91.47975781049861, 96.66352439577662)}, 'p5': {0: 1, 1: 2.8860089274356384, 2: (54.57785017696798, 63.27006064050915)}, 'p6': {0: 1, 1: 3.7169978172365385, 2: (57.615174545961935, 31.368471264611053)}, 'p7': {0: 1, 1: 3.1548619499890886, 2: (33.055585494256704, 12.453113635493807)}, 'p8': {0: 1, 1: 2.557980815601157, 2: (49.13589493382151, 13.951197514238512)}, 'p9': {0: 2, 1: 3.769475454070503, 2: (6.133898760505419, 14.219654026432371)}, 'p10': {0: 1, 1: 2.7257111077535185, 2: (92.86539766914032, 54.590870898984576)}}]]",5,5,6.0
