Instance,N_Deliveries,Algorithm_1_Reward,Algorithm_2_Reward,Algorithm_3_Reward,ILP_Reward
"[[{'s1': (8.52776904631632, array([7.58000318, 8.46001938])), 's2': (11.902936361091625, array([ 9.47080257, 11.25584342])), 's3': (28.80869023903575, array([12.53006524,  6.11831341])), 's4': (34.43849221400891, array([ 9.75822765, 10.2730007 ])), 's5': (38.99772016870094, array([ 6.96144   , 13.87363097])), 's6': (42.488430139688, array([ 5.62499127, 12.84152105])), 's7': (52.08357766168483, array([3.32775386, 3.52542979]))}, {'p1': {0: 9, 1: 1.719827821417717, 2: (12.797368964488006, 2.8805435633963743)}, 'p2': {0: 5, 1: 1.6227713017055934, 2: (12.763241269195568, 13.754000636257397)}, 'p3': {0: 6, 1: 0.7894123381516582, 2: (2.2204592908269394, 4.682002053805324)}, 'p4': {0: 6, 1: 1.5441446764731173, 2: (7.874600275724003, 14.805788982382827)}, 'p5': {0: 7, 1: 2.142659859541651, 2: (6.996333824360738, 10.567671816617407)}, 'p6': {0: 9, 1: 0.5936688353930575, 2: (4.3268639085921965, 12.882132004243086)}, 'p7': {0: 5, 1: 0.975297278196793, 2: (14.6757539895364, 8.480967642705878)}, 'p8': {0: 5, 1: 1.3266833388557593, 2: (1.2537639126529498, 0.08373257585212457)}, 'p9': {0: 10, 1: 0.7813568191278013, 2: (0.8702482175960413, 11.266208312955078)}, 'p10': {0: 5, 1: 0.7199963546196801, 2: (6.812474751651129, 4.547684628260834)}, 'p11': {0: 6, 1: 1.0131443041346972, 2: (9.719211386668224, 13.532672113087555)}, 'p12': {0: 5, 1: 2.0843338077499083, 2: (14.44445450966414, 10.650581049231146)}, 'p13': {0: 5, 1: 1.0808925812487369, 2: (11.97112548690846, 0.20904439562916155)}, 'p14': {0: 10, 1: 1.5510391950040687, 2: (1.5789467321027462, 7.057311271696249)}, 'p15': {0: 5, 1: 1.011636742560064, 2: (0.23279735296057202, 3.2179001100393725)}, 'p16': {0: 5, 1: 0.8604511735776319, 2: (9.29099821204508, 2.285767581104194)}, 'p17': {0: 7, 1: 2.268015858223386, 2: (1.8882268353917535, 14.923872287700778)}, 'p18': {0: 9, 1: 0.5577215899514205, 2: (7.3254475770498, 1.3050078792319197)}, 'p19': {0: 5, 1: 2.2084614019332385, 2: (12.21202225478567, 9.460307108370849)}, 'p20': {0: 5, 1: 1.2201553735585973, 2: (14.62328106340754, 14.995051185783746)}}]]",20,32,36,25,
