Instance,N_Deliveries,Algorithm_1_Reward,Algorithm_2_Reward,Algorithm_3_Reward,ILP_Reward
"[[{'s1': (1.2302996087957152, array([ 0.89286894, 13.05999414])), 's2': (4.455288794371014, array([ 2.71339683, 10.39799612])), 's3': (8.860610461645757, array([5.20023028, 6.76171802])), 's4': (12.001309747136135, array([6.97317596, 4.16929529])), 's5': (20.227025617179915, array([7.15318849, 7.92759672])), 's6': (23.616012955004813, array([ 5.32291344, 10.69593447])), 's7': (27.018776871351154, array([ 2.62711398, 12.7514902 ]))}, {'p1': {0: 5, 1: 0.6926734733656408, 2: (2.3829874076224, 3.5882116850141905)}, 'p2': {0: 8, 1: 1.5156316250616373, 2: (9.874566796535545, 14.941622698212022)}, 'p3': {0: 9, 1: 1.138722484110828, 2: (10.734754910470626, 6.330941564548306)}, 'p4': {0: 5, 1: 1.480188203557242, 2: (14.818409590017888, 11.65167938398071)}, 'p5': {0: 9, 1: 2.4598671915172226, 2: (1.0717123529265264, 10.935684262694073)}, 'p6': {0: 5, 1: 1.0822331902167899, 2: (13.587118158148614, 13.916571037353023)}, 'p7': {0: 10, 1: 0.8487787828424191, 2: (12.716290060563564, 5.972914029843174)}, 'p8': {0: 5, 1: 1.6325013269017918, 2: (7.713565053058844, 12.420602248093864)}, 'p9': {0: 6, 1: 1.3864868673528485, 2: (10.733647777110086, 10.87533169965345)}, 'p10': {0: 6, 1: 0.7888141797211816, 2: (11.712797578526366, 8.125037461009823)}, 'p11': {0: 5, 1: 1.8367199772141785, 2: (9.476958970299549, 1.287200547970377)}, 'p12': {0: 6, 1: 0.6622262729050286, 2: (0.4321814042820682, 4.271525126634276)}, 'p13': {0: 6, 1: 1.147088360144083, 2: (8.700610822247778, 9.316003505293788)}, 'p14': {0: 8, 1: 1.5607884654581459, 2: (5.869357237406346, 0.900064651398842)}, 'p15': {0: 6, 1: 1.3444845796258946, 2: (4.981386586940814, 5.195659776873384)}}]]",15,26,32,25,
