Instance,N_Deliveries,Algorithm_1_Reward,Algorithm_2_Reward,Algorithm_3_Reward,ILP_Reward
"[[{'s1': (1.1071785594412662, array([19.15472786, 17.49961069])), 's2': (4.795790447074101, array([21.3590924, 14.5421397])), 's3': (9.046618716769725, array([23.89944509, 11.13389247])), 's4': (13.793979482087263, array([26.73653234,  7.32753329])), 's5': (19.16572787720747, array([22.9431255,  6.9019846])), 's6': (23.143277924855767, array([19.88216077,  7.48221237])), 's7': (31.10603900204598, array([27.34576047,  4.7072811 ])), 's8': (35.787364687629385, array([26.17120346,  7.38216042])), 's9': (43.30258586816223, array([21.87108854, 13.54556541])), 's10': (48.389161362194706, array([18.9606141 , 17.71718246]))}, {'p1': {0: 8, 1: 4, 2: (28.334749236241407, 29.283753004556793)}, 'p2': {0: 6, 1: 4, 2: (28.437218946574657, 5.3373304483511745)}, 'p3': {0: 5, 1: 4, 2: (16.294268881189396, 26.00361028454463)}, 'p4': {0: 6, 1: 4, 2: (24.23573380578766, 5.186619890837562)}, 'p5': {0: 7, 1: 5, 2: (17.25692359146545, 8.929776942876348)}}]]",5,6,6,12,12.0
