Instance,N_Deliveries,Algorithm_1_Reward,Algorithm_2_Reward,Algorithm_3_Reward,ILP_Reward
"[[{'s1': (6.229523263473025, array([6.31040459, 1.51391951])), 's2': (9.293397996477466, array([3.25125039, 1.68393112])), 's3': (12.336164306464521, array([2.69812692, 3.09129675])), 's4': (15.389696898148129, array([4.39833745, 5.62770079])), 's5': (39.924122812848005, array([5.36203829, 8.05789944])), 's6': (50.10421724126132, array([13.50646159, 10.9465446 ])), 's7': (53.645170406023055, array([13.15472936,  7.42310399]))}, {'p1': {0: 10, 1: 1.3539247994976455, 2: (6.641279719430822, 4.6163533966161605)}, 'p2': {0: 7, 1: 1.766830588553861, 2: (6.515129808201125, 12.93709621843415)}, 'p3': {0: 6, 1: 2.426252412353727, 2: (7.284060660588531, 7.168368724584797)}, 'p4': {0: 6, 1: 0.7188311940409235, 2: (1.735811487186949, 0.5515498481025682)}, 'p5': {0: 7, 1: 2.047521067427243, 2: (10.552074402269625, 4.516251489894325)}, 'p6': {0: 9, 1: 0.6938344490299948, 2: (4.744864870586783, 11.917790017029036)}, 'p7': {0: 7, 1: 1.037138243878104, 2: (6.684197851458054, 0.4603183903653518)}, 'p8': {0: 6, 1: 0.6855341407308764, 2: (11.57608560636287, 13.759830092018339)}, 'p9': {0: 5, 1: 1.8317360961665434, 2: (1.35765858527364, 7.4569788741881045)}, 'p10': {0: 6, 1: 1.3528388513113878, 2: (10.78635442692044, 8.132391170654445)}, 'p11': {0: 6, 1: 1.1048515485161665, 2: (1.4154003889353355, 10.412725814464437)}, 'p12': {0: 6, 1: 0.7335244678100552, 2: (1.0095080383800936, 5.074387390835151)}, 'p13': {0: 5, 1: 2.087260659187637, 2: (13.719453619753358, 1.9511147329454026)}, 'p14': {0: 7, 1: 1.4950283894768228, 2: (14.378537789373667, 5.7039632168722525)}, 'p15': {0: 10, 1: 1.8384802654887777, 2: (3.0973399191793796, 9.107737326983669)}}]]",15,33,34,19,41.99999999999642
