Instance,N_Deliveries,Algorithm_1_Reward,Algorithm_2_Reward,Algorithm_3_Reward,ILP_Reward
"[[{'s1': (0.7738418224182491, array([6.39378959, 7.25793476])), 's2': (5.545930194552233, array([10.46754362,  9.74336339])), 's3': (9.546386307079228, array([8.99187943, 6.27464956])), 's4': (15.809198679771825, array([9.99246132, 3.03287596])), 's5': (20.823680961233322, array([11.73406804,  4.21717824])), 's6': (27.244468955310875, array([6.36556512, 7.73935015])), 's7': (30.411210908520676, array([4.09095988, 9.1203407 ]))}, {'p1': {0: 6, 1: 2.199108580401349, 2: (13.68944759250335, 6.9193524796186)}, 'p2': {0: 8, 1: 1.8504149714033291, 2: (1.4806144319477328, 10.951325957396513)}, 'p3': {0: 7, 1: 2.1348730578630275, 2: (3.613768583852765, 1.343866119859658)}, 'p4': {0: 9, 1: 0.5007119037206156, 2: (3.3561979118566283, 10.196841619236274)}, 'p5': {0: 5, 1: 0.6824192168109453, 2: (3.5376262600896387, 7.379914361942538)}, 'p6': {0: 6, 1: 1.7859808900820855, 2: (1.541880383330902, 1.5720305950865943)}, 'p7': {0: 5, 1: 0.8888928766432511, 2: (2.980114265304485, 3.248582751698006)}, 'p8': {0: 8, 1: 1.1154212279412672, 2: (6.980866107231022, 14.846107990931024)}, 'p9': {0: 10, 1: 0.8254844325240354, 2: (4.727319287930199, 13.380441056092257)}, 'p10': {0: 5, 1: 2.0315457088463873, 2: (13.185798261397558, 8.890054691737419)}}]]",10,19,24,15,27.0
