Instance,N_Deliveries,Algorithm_1_Reward,Algorithm_2_Reward,Algorithm_3_Reward,ILP_Reward
"[[{'s1': (6.559949702933334, array([ 7.25182224, 10.91611464])), 's2': (12.923343878531222, array([11.91673381, 14.13738683])), 's3': (16.588558500801913, array([ 9.45092366, 11.42563858])), 's4': (20.320981188403795, array([6.93989861, 8.66416573])), 's5': (26.72747464303908, array([6.95662913, 4.05803801])), 's6': (32.402102491151176, array([6.103689  , 5.15462758])), 's7': (37.61152234903914, array([2.57074947, 8.98299453]))}, {'p1': {0: 8, 1: 1.2483470229780538, 2: (10.22865996181554, 8.85857765676508)}, 'p2': {0: 6, 1: 2.028511154016054, 2: (3.2704413445280185, 14.905105895631772)}, 'p3': {0: 5, 1: 2.0426130752873655, 2: (14.349129882988855, 6.483353963824724)}, 'p4': {0: 5, 1: 2.0468500732487405, 2: (14.19639881656738, 3.434175378851801)}, 'p5': {0: 9, 1: 0.6433917683675698, 2: (2.673688870718127, 2.179120813926103)}}]]",5,13,13,9,17.0
